{"camera_id": "817612070307", "aruco": [30, 43, 20, 47, 21, 46, 22, 45, 23, 44, 27, 26, 25, 24, 40, 42, 31, 41, 28, 29], "centers": [[-0.19615957140922546, -0.036035530269145966, 1.0770000219345093], [-0.062330469489097595, -0.12302640825510025, 1.0509999990463257], [-0.06032045930624008, 0.18228226900100708, 1.1100000143051147], [-0.19454345107078552, 0.18354953825473785, 1.1220000982284546], [0.02875770442187786, 0.18096134066581726, 1.1150000095367432], [-0.2860508859157562, 0.18331313133239746, 1.124000072479248], [-0.06281593441963196, 0.09463738650083542, 1.100000023841858], [-0.19356007874011993, 0.09509261697530746, 1.1069999933242798], [0.027285246178507805, 0.09225248545408249, 1.093000054359436], [-0.28351283073425293, 0.09455016255378723, 1.1040000915527344], [0.2531774044036865, 0.0737839937210083, 1.097000002861023], [0.1628505289554596, 0.07413092255592346, 1.1019999980926514], [0.25285032391548157, -0.014798128046095371, 1.0860000848770142], [0.16181184351444244, -0.014695283025503159, 1.0770000219345093], [0.025865087285637856, -0.03438436985015869, 1.0780000686645508], [-0.06431065499782562, -0.035221099853515625, 1.0760000944137573], [-0.28542619943618774, -0.03609725460410118, 1.0780000686645508], [0.02748142182826996, -0.12322257459163666, 1.0630000829696655], [-0.19413863122463226, -0.12354733794927597, 1.0509999990463257], [-0.28383809328079224, -0.12365341931581497, 1.0490000247955322]]}