{"camera_id": "817612070307", "aruco": [[43], [40], [42]], "centers": [[0.039952151477336884, 0.08551300317049026, 0.5670000314712524], [-0.0817604586482048, 0.056844696402549744, 0.5360000133514404], [-0.012259523384273052, 0.012191732414066792, 0.5770000219345093]]}