{"camera_id": "817612071498", "aruco": [46, 47, 20, 21, 8, 0, 44, 45, 22, 23, 11, 31, 30, 42, 40, 29, 28, 43, 41, 26, 27, 24, 25], "centers": [[-0.11063948273658752, 0.03097129613161087, 0.2750000059604645], [-0.0, -0.0, 0.0], [-0.18123580515384674, 0.07861755043268204, 1.2090001106262207], [-0.11137034744024277, 0.06080280616879463, 1.2680000066757202], [0.7259872555732727, 0.04947666451334953, 1.8220001459121704], [0.6314099431037903, 0.02035774663090706, 1.9440001249313354], [-0.0, 0.0, 0.0], [-0.0, 0.0, 0.0], [-0.17966265976428986, -0.0043114866130054, 1.1770000457763672], [-0.10983575880527496, -0.02391151525080204, 1.2350000143051147], [0.7310550212860107, -0.1775500327348709, 1.784000039100647], [-0.3770642876625061, -0.08526478707790375, 0.9820000529289246], [-0.0, -0.0, 0.0], [-0.0, -0.0, 0.0], [-0.10683368891477585, -0.14528383314609528, 1.190000057220459], [-0.8358908295631409, -0.36031728982925415, 2.0350000858306885], [-0.0, -0.0, 0.0], [-0.17566058039665222, -0.21354246139526367, 1.1019999980926514], [-0.10250260680913925, -0.2276936173439026, 1.1450001001358032], [-0.0031655379571020603, -0.06769466400146484, 1.3000000715255737], [0.06766285002231598, -0.08624844998121262, 1.3600000143051147], [0.0006896322593092918, -0.1529928296804428, 1.2790000438690186], [0.06994108855724335, -0.16838128864765167, 1.3130000829696655]]}