{"camera_id": "817612070307", "aruco": [47, 45, 30, 31, 43, 28, 29, 20, 21, 46, 22, 23, 44, 27, 26, 25, 24, 40, 42, 41], "centers": [[-0.1943686604499817, 0.18368826806545258, 1.121000051498413], [-0.1930345743894577, 0.09444677084684372, 1.096000075340271], [-0.1957940012216568, -0.03567807376384735, 1.0750000476837158], [-0.2846318781375885, -0.03599679470062256, 1.0750000476837158], [-0.06228032335639, -0.12321005761623383, 1.0550000667572021], [-0.19479122757911682, -0.12321192771196365, 1.0530000925064087], [-0.28383657336235046, -0.12336957454681396, 1.0490000247955322], [-0.06073278188705444, 0.1820124238729477, 1.1120001077651978], [0.02868148870766163, 0.1807740479707718, 1.1120001077651978], [-0.2841712236404419, 0.18249540030956268, 1.1190000772476196], [-0.0625745952129364, 0.09472238272428513, 1.1010000705718994], [0.026934631168842316, 0.09077988564968109, 1.0789999961853027], [-0.27991917729377747, 0.09305687248706818, 1.090000033378601], [0.252485066652298, 0.073582224547863, 1.0940001010894775], [0.16299746930599213, 0.07390086352825165, 1.1030000448226929], [0.2519190013408661, -0.014743622392416, 1.0820000171661377], [0.16091039776802063, -0.01461341604590416, 1.071000099182129], [0.025841092690825462, -0.03435247391462326, 1.0770000219345093], [-0.06324662268161774, -0.03508351370692253, 1.0630000829696655], [0.027692195028066635, -0.12258903682231903, 1.0600000619888306]]}