{"camera_id": "817612070307", "aruco": [8, 0, 41, 43, 28, 25, 40, 24, 42, 30, 11, 27, 26, 23, 22, 45, 21, 20, 47], "centers": [[0.5602841377258301, -0.08406125009059906, 1.058000087738037], [0.5460243821144104, -0.0966140404343605, 0.8970000147819519], [-0.45599469542503357, 0.290956050157547, 1.0220000743865967], [-0.548346996307373, 0.2871786057949066, 1.0410000085830688], [-0.6808944940567017, 0.2752600312232971, 1.0470000505447388], [-0.22653301060199738, 0.20495833456516266, 1.0170000791549683], [-0.45241403579711914, 0.20465213060379028, 1.0290000438690186], [-0.31614792346954346, 0.1969447284936905, 1.0220000743865967], [-0.5401253700256348, 0.19714675843715668, 1.0360000133514404], [-0.6693716049194336, 0.18463729321956635, 1.040000081062317], [0.5484039783477783, 0.14472518861293793, 1.0420000553131104], [-0.21791046857833862, 0.1152060329914093, 1.0120000839233398], [-0.30980971455574036, 0.10797576606273651, 1.0260000228881836], [-0.4411756098270416, 0.0756036788225174, 1.0320000648498535], [-0.5307727456092834, 0.06567302346229553, 1.0380001068115234], [-0.6607328653335571, 0.05300457775592804, 1.040000081062317], [-0.42972850799560547, -0.014395230449736118, 1.0210000276565552], [-0.5218995213508606, -0.024439737200737, 1.0360000133514404], [-0.6592397689819336, -0.037600867450237274, 1.0460000038146973]]}