{"camera_id": "817612070307", "aruco": [27, 25, 26, 24, 21, 23, 40, 41, 20, 22, 42, 43, 47, 45], "centers": [[-0.021552100777626038, 0.06317724287509918, 1.0870000123977661], [0.06552252918481827, 0.05798614025115967, 1.0670000314712524], [-0.026242708787322044, -0.025925738736987114, 1.096000075340271], [0.06093021482229233, -0.03114064410328865, 1.0730000734329224], [-0.1370944231748581, -0.15078864991664886, 1.1350001096725464], [-0.05000411346554756, -0.15928375720977783, 1.1220000982284546], [0.07483365386724472, -0.1674843430519104, 1.0789999961853027], [0.16375142335891724, -0.17320336401462555, 1.068000078201294], [-0.14355705678462982, -0.2415720671415329, 1.1490000486373901], [-0.05503975227475166, -0.24642866849899292, 1.1180000305175781], [0.07164517045021057, -0.25650665163993835, 1.0840001106262207], [0.1604553610086441, -0.26296699047088623, 1.069000005722046], [-0.14840994775295258, -0.3726714849472046, 1.152999997138977], [-0.06128108128905296, -0.3777289092540741, 1.1340000629425049]]}