{"camera_id": "845112072219", "aruco": [29, 28, 43, 41, 31, 30, 42, 40, 24, 25, 0, 8, 26, 27, 23, 22, 44, 45, 21, 46, 20, 47, 11], "centers": [[0.5832319855690002, 0.15608374774456024, 1.0], [0.4986934959888458, 0.15890690684318542, 1.0130000114440918], [0.36890965700149536, 0.16225582361221313, 1.0250000953674316], [0.27585241198539734, 0.16109131276607513, 1.03000009059906], [0.5940460562705994, 0.06949839740991592, 1.003000020980835], [0.5007352232933044, 0.07044679671525955, 1.002000093460083], [0.3643026053905487, 0.07253379374742508, 1.0010000467300415], [0.2739756405353546, 0.07165801525115967, 1.0080000162124634], [0.1356380432844162, 0.052886031568050385, 1.0130000114440918], [0.04508699104189873, 0.0533062182366848, 1.0130000114440918], [-0.7306357622146606, 0.02959311753511429, 1.1040000915527344], [-0.7173904776573181, 0.0069813416339457035, 1.2480000257492065], [0.13379476964473724, -0.03622594475746155, 0.9960000514984131], [0.042888715863227844, -0.03504054620862007, 0.9960000514984131], [0.2684430480003357, -0.05773086100816727, 0.9830000400543213], [0.36176151037216187, -0.06008841469883919, 0.9800000190734863], [0.5813042521476746, -0.06338251382112503, 0.9690000414848328], [0.49792298674583435, -0.06406993418931961, 0.9820000529289246], [0.2660153806209564, -0.14642773568630219, 0.968000054359436], [0.5773269534111023, -0.15123812854290009, 0.9470000267028809], [0.3577819764614105, -0.14976973831653595, 0.9620000720024109], [0.49200665950775146, -0.15240071713924408, 0.9550000429153442], [-0.7311599850654602, -0.222272127866745, 1.218000054359436]]}