{"camera_id": "845112072219", "aruco": [41, 43, 28, 29, 40, 42, 25, 24, 30, 31, 27, 26, 23, 22, 45, 44, 21, 20, 47, 46], "centers": [[0.09952596575021744, 0.1648915708065033, 1.0360000133514404], [0.1879768818616867, 0.15798278152942657, 1.034000039100647], [0.327423632144928, 0.15073850750923157, 1.0730000734329224], [0.41406747698783875, 0.14113160967826843, 1.069000005722046], [0.09433116763830185, 0.07599901407957077, 1.0290000438690186], [0.1846303790807724, 0.06995861977338791, 1.0360000133514404], [-0.13124319911003113, 0.07335932552814484, 0.999000072479248], [-0.04190348833799362, 0.06649794429540634, 1.0080000162124634], [0.3163343667984009, 0.05851880460977554, 1.0480000972747803], [0.4036155343055725, 0.05053892731666565, 1.0480000972747803], [-0.13840122520923615, -0.01548010390251875, 0.999000072479248], [-0.04902251437306404, -0.023035196587443352, 1.00600004196167], [0.0828581303358078, -0.053183313459157944, 1.0090000629425049], [0.1732979416847229, -0.06298424303531647, 1.0260000228881836], [0.3059636354446411, -0.0757538452744484, 1.0420000553131104], [0.3979613184928894, -0.0827227234840393, 1.0520000457763672], [0.07540730386972427, -0.14315472543239594, 1.00600004196167], [0.1649641990661621, -0.1518028974533081, 1.0130000114440918], [0.30011579394340515, -0.16584272682666779, 1.031000018119812], [0.3899482786655426, -0.17178748548030853, 1.037000060081482]]}