{"camera_id": "845112072219", "aruco": [29, 28, 43, 41, 31, 30, 42, 40, 24, 25, 0, 8, 27, 26, 23, 22, 44, 45, 21, 20, 46, 11, 47], "centers": [[0.5841690301895142, 0.1562938541173935, 1.003000020980835], [0.5003852248191833, 0.15926451981067657, 1.0170000791549683], [0.36691921949386597, 0.16163063049316406, 1.0210000276565552], [0.2758379578590393, 0.16097362339496613, 1.031000018119812], [0.591735303401947, 0.06956705451011658, 1.0], [0.5001958608627319, 0.07045428454875946, 1.002000093460083], [0.3662073314189911, 0.07242945581674576, 1.0070000886917114], [0.2739749550819397, 0.07173289358615875, 1.0090000629425049], [0.1353638917207718, 0.05288979038596153, 1.0130000114440918], [0.044537823647260666, 0.0533137321472168, 1.0130000114440918], [-0.732014536857605, 0.029665369540452957, 1.1069999933242798], [-0.7191194295883179, 0.006658552680164576, 1.2510000467300415], [0.04315504431724548, -0.03531317412853241, 0.9960000514984131], [0.1343320906162262, -0.03637142851948738, 1.0], [0.2676273584365845, -0.05729029327630997, 0.9800000190734863], [0.3626038730144501, -0.06026890501379967, 0.9830000400543213], [0.5834193825721741, -0.0631595328450203, 0.9700000286102295], [0.49386659264564514, -0.06354798376560211, 0.9740000367164612], [0.26656150817871094, -0.14699186384677887, 0.9700000286102295], [0.36065009236335754, -0.1506015956401825, 0.9690000414848328], [0.5791558623313904, -0.15171723067760468, 0.9500000476837158], [-0.7329608798027039, -0.22281959652900696, 1.221000075340271], [0.48204749822616577, -0.14987309277057648, 0.9390000700950623]]}